states,Year,Medical,Recreational
Alabama,1998,FALSE,FALSE
Alabama,1999,FALSE,FALSE
Alabama,2000,FALSE,FALSE
Alabama,2001,FALSE,FALSE
Alabama,2002,FALSE,FALSE
Alabama,2003,FALSE,FALSE
Alabama,2004,FALSE,FALSE
Alabama,2005,FALSE,FALSE
Alabama,2006,FALSE,FALSE
Alabama,2007,FALSE,FALSE
Alabama,2008,FALSE,FALSE
Alabama,2009,FALSE,FALSE
Alabama,2010,FALSE,FALSE
Alabama,2011,FALSE,FALSE
Alabama,2012,FALSE,FALSE
Alabama,2013,FALSE,FALSE
Alabama,2014,FALSE,FALSE
Alabama,2015,FALSE,FALSE
Alabama,2016,FALSE,FALSE
Alabama,2017,FALSE,FALSE
Alabama,2018,FALSE,FALSE
Alabama,2019,FALSE,FALSE
Alaska,1998,TRUE,FALSE
Alaska,1999,TRUE,FALSE
Alaska,2000,TRUE,FALSE
Alaska,2001,TRUE,FALSE
Alaska,2002,TRUE,FALSE
Alaska,2003,TRUE,FALSE
Alaska,2004,TRUE,FALSE
Alaska,2005,TRUE,FALSE
Alaska,2006,TRUE,FALSE
Alaska,2007,TRUE,FALSE
Alaska,2008,TRUE,FALSE
Alaska,2009,TRUE,FALSE
Alaska,2010,TRUE,FALSE
Alaska,2011,TRUE,FALSE
Alaska,2012,TRUE,FALSE
Alaska,2013,TRUE,FALSE
Alaska,2014,TRUE,TRUE
Alaska,2015,TRUE,TRUE
Alaska,2016,TRUE,TRUE
Alaska,2017,TRUE,TRUE
Alaska,2018,TRUE,TRUE
Alaska,2019,TRUE,TRUE
Arakansas,1998,FALSE,FALSE
Arakansas,1999,FALSE,FALSE
Arakansas,2000,FALSE,FALSE
Arakansas,2001,FALSE,FALSE
Arakansas,2002,FALSE,FALSE
Arakansas,2003,FALSE,FALSE
Arakansas,2004,FALSE,FALSE
Arakansas,2005,FALSE,FALSE
Arakansas,2006,FALSE,FALSE
Arakansas,2007,FALSE,FALSE
Arakansas,2008,FALSE,FALSE
Arakansas,2009,FALSE,FALSE
Arakansas,2010,FALSE,FALSE
Arakansas,2011,FALSE,FALSE
Arakansas,2012,FALSE,FALSE
Arakansas,2013,FALSE,FALSE
Arakansas,2014,FALSE,FALSE
Arakansas,2015,FALSE,FALSE
Arakansas,2016,TRUE,FALSE
Arakansas,2017,TRUE,FALSE
Arakansas,2018,TRUE,FALSE
Arakansas,2019,TRUE,FALSE
Arizona,1998,FALSE,FALSE
Arizona,1999,FALSE,FALSE
Arizona,2000,FALSE,FALSE
Arizona,2001,FALSE,FALSE
Arizona,2002,FALSE,FALSE
Arizona,2003,FALSE,FALSE
Arizona,2004,FALSE,FALSE
Arizona,2005,FALSE,FALSE
Arizona,2006,FALSE,FALSE
Arizona,2007,FALSE,FALSE
Arizona,2008,FALSE,FALSE
Arizona,2009,FALSE,FALSE
Arizona,2010,TRUE,FALSE
Arizona,2011,TRUE,FALSE
Arizona,2012,TRUE,FALSE
Arizona,2013,TRUE,FALSE
Arizona,2014,TRUE,FALSE
Arizona,2015,TRUE,FALSE
Arizona,2016,TRUE,FALSE
Arizona,2017,TRUE,FALSE
Arizona,2018,TRUE,FALSE
Arizona,2019,TRUE,FALSE
California,1998,TRUE,FALSE
California,1999,TRUE,FALSE
California,2000,TRUE,FALSE
California,2001,TRUE,FALSE
California,2002,TRUE,FALSE
California,2003,TRUE,FALSE
California,2004,TRUE,FALSE
California,2005,TRUE,FALSE
California,2006,TRUE,FALSE
California,2007,TRUE,FALSE
California,2008,TRUE,FALSE
California,2009,TRUE,FALSE
California,2010,TRUE,FALSE
California,2011,TRUE,FALSE
California,2012,TRUE,FALSE
California,2013,TRUE,FALSE
California,2014,TRUE,FALSE
California,2015,TRUE,FALSE
California,2016,TRUE,TRUE
California,2017,TRUE,TRUE
California,2018,TRUE,TRUE
California,2019,TRUE,TRUE
Colorado,1998,FALSE,FALSE
Colorado,1999,FALSE,FALSE
Colorado,2000,TRUE,FALSE
Colorado,2001,TRUE,FALSE
Colorado,2002,TRUE,FALSE
Colorado,2003,TRUE,FALSE
Colorado,2004,TRUE,FALSE
Colorado,2005,TRUE,FALSE
Colorado,2006,TRUE,FALSE
Colorado,2007,TRUE,FALSE
Colorado,2008,TRUE,FALSE
Colorado,2009,TRUE,FALSE
Colorado,2010,TRUE,FALSE
Colorado,2011,TRUE,FALSE
Colorado,2012,TRUE,TRUE
Colorado,2013,TRUE,TRUE
Colorado,2014,TRUE,TRUE
Colorado,2015,TRUE,TRUE
Colorado,2016,TRUE,TRUE
Colorado,2017,TRUE,TRUE
Colorado,2018,TRUE,TRUE
Colorado,2019,TRUE,TRUE
Connecticut,1998,FALSE,FALSE
Connecticut,1999,FALSE,FALSE
Connecticut,2000,FALSE,FALSE
Connecticut,2001,FALSE,FALSE
Connecticut,2002,FALSE,FALSE
Connecticut,2003,FALSE,FALSE
Connecticut,2004,FALSE,FALSE
Connecticut,2005,FALSE,FALSE
Connecticut,2006,FALSE,FALSE
Connecticut,2007,FALSE,FALSE
Connecticut,2008,FALSE,FALSE
Connecticut,2009,FALSE,FALSE
Connecticut,2010,FALSE,FALSE
Connecticut,2011,FALSE,FALSE
Connecticut,2012,TRUE,FALSE
Connecticut,2013,TRUE,FALSE
Connecticut,2014,TRUE,FALSE
Connecticut,2015,TRUE,FALSE
Connecticut,2016,TRUE,FALSE
Connecticut,2017,TRUE,FALSE
Connecticut,2018,TRUE,FALSE
Connecticut,2019,TRUE,FALSE
Delaware,1998,FALSE,FALSE
Delaware,1999,FALSE,FALSE
Delaware,2000,FALSE,FALSE
Delaware,2001,FALSE,FALSE
Delaware,2002,FALSE,FALSE
Delaware,2003,FALSE,FALSE
Delaware,2004,FALSE,FALSE
Delaware,2005,FALSE,FALSE
Delaware,2006,FALSE,FALSE
Delaware,2007,FALSE,FALSE
Delaware,2008,FALSE,FALSE
Delaware,2009,FALSE,FALSE
Delaware,2010,FALSE,FALSE
Delaware,2011,TRUE,FALSE
Delaware,2012,TRUE,FALSE
Delaware,2013,TRUE,FALSE
Delaware,2014,TRUE,FALSE
Delaware,2015,TRUE,FALSE
Delaware,2016,TRUE,FALSE
Delaware,2017,TRUE,FALSE
Delaware,2018,TRUE,FALSE
Delaware,2019,TRUE,FALSE
Florida,1998,FALSE,FALSE
Florida,1999,FALSE,FALSE
Florida,2000,FALSE,FALSE
Florida,2001,FALSE,FALSE
Florida,2002,FALSE,FALSE
Florida,2003,FALSE,FALSE
Florida,2004,FALSE,FALSE
Florida,2005,FALSE,FALSE
Florida,2006,FALSE,FALSE
Florida,2007,FALSE,FALSE
Florida,2008,FALSE,FALSE
Florida,2009,FALSE,FALSE
Florida,2010,FALSE,FALSE
Florida,2011,FALSE,FALSE
Florida,2012,FALSE,FALSE
Florida,2013,FALSE,FALSE
Florida,2014,FALSE,FALSE
Florida,2015,FALSE,FALSE
Florida,2016,TRUE,FALSE
Florida,2017,TRUE,FALSE
Florida,2018,TRUE,FALSE
Florida,2019,TRUE,FALSE
Georgia,1998,FALSE,FALSE
Georgia,1999,FALSE,FALSE
Georgia,2000,FALSE,FALSE
Georgia,2001,FALSE,FALSE
Georgia,2002,FALSE,FALSE
Georgia,2003,FALSE,FALSE
Georgia,2004,FALSE,FALSE
Georgia,2005,FALSE,FALSE
Georgia,2006,FALSE,FALSE
Georgia,2007,FALSE,FALSE
Georgia,2008,FALSE,FALSE
Georgia,2009,FALSE,FALSE
Georgia,2010,FALSE,FALSE
Georgia,2011,FALSE,FALSE
Georgia,2012,FALSE,FALSE
Georgia,2013,FALSE,FALSE
Georgia,2014,FALSE,FALSE
Georgia,2015,FALSE,FALSE
Georgia,2016,FALSE,FALSE
Georgia,2017,FALSE,FALSE
Georgia,2018,FALSE,FALSE
Georgia,2019,FALSE,FALSE
Hawaii,1998,FALSE,FALSE
Hawaii,1999,FALSE,FALSE
Hawaii,2000,TRUE,FALSE
Hawaii,2001,TRUE,FALSE
Hawaii,2002,TRUE,FALSE
Hawaii,2003,TRUE,FALSE
Hawaii,2004,TRUE,FALSE
Hawaii,2005,TRUE,FALSE
Hawaii,2006,TRUE,FALSE
Hawaii,2007,TRUE,FALSE
Hawaii,2008,TRUE,FALSE
Hawaii,2009,TRUE,FALSE
Hawaii,2010,TRUE,FALSE
Hawaii,2011,TRUE,FALSE
Hawaii,2012,TRUE,FALSE
Hawaii,2013,TRUE,FALSE
Hawaii,2014,TRUE,FALSE
Hawaii,2015,TRUE,FALSE
Hawaii,2016,TRUE,FALSE
Hawaii,2017,TRUE,FALSE
Hawaii,2018,TRUE,FALSE
Hawaii,2019,TRUE,FALSE
Idaho,1998,FALSE,FALSE
Idaho,1999,FALSE,FALSE
Idaho,2000,FALSE,FALSE
Idaho,2001,FALSE,FALSE
Idaho,2002,FALSE,FALSE
Idaho,2003,FALSE,FALSE
Idaho,2004,FALSE,FALSE
Idaho,2005,FALSE,FALSE
Idaho,2006,FALSE,FALSE
Idaho,2007,FALSE,FALSE
Idaho,2008,FALSE,FALSE
Idaho,2009,FALSE,FALSE
Idaho,2010,FALSE,FALSE
Idaho,2011,FALSE,FALSE
Idaho,2012,FALSE,FALSE
Idaho,2013,FALSE,FALSE
Idaho,2014,FALSE,FALSE
Idaho,2015,FALSE,FALSE
Idaho,2016,FALSE,FALSE
Idaho,2017,FALSE,FALSE
Idaho,2018,FALSE,FALSE
Idaho,2019,FALSE,FALSE
Illinois,1998,FALSE,FALSE
Illinois,1999,FALSE,FALSE
Illinois,2000,FALSE,FALSE
Illinois,2001,FALSE,FALSE
Illinois,2002,FALSE,FALSE
Illinois,2003,FALSE,FALSE
Illinois,2004,FALSE,FALSE
Illinois,2005,FALSE,FALSE
Illinois,2006,FALSE,FALSE
Illinois,2007,FALSE,FALSE
Illinois,2008,FALSE,FALSE
Illinois,2009,FALSE,FALSE
Illinois,2010,FALSE,FALSE
Illinois,2011,FALSE,FALSE
Illinois,2012,FALSE,FALSE
Illinois,2013,TRUE,FALSE
Illinois,2014,TRUE,FALSE
Illinois,2015,TRUE,FALSE
Illinois,2016,TRUE,FALSE
Illinois,2017,TRUE,FALSE
Illinois,2018,TRUE,FALSE
Illinois,2019,TRUE,TRUE
Indiana,1998,FALSE,FALSE
Indiana,1999,FALSE,FALSE
Indiana,2000,FALSE,FALSE
Indiana,2001,FALSE,FALSE
Indiana,2002,FALSE,FALSE
Indiana,2003,FALSE,FALSE
Indiana,2004,FALSE,FALSE
Indiana,2005,FALSE,FALSE
Indiana,2006,FALSE,FALSE
Indiana,2007,FALSE,FALSE
Indiana,2008,FALSE,FALSE
Indiana,2009,FALSE,FALSE
Indiana,2010,FALSE,FALSE
Indiana,2011,FALSE,FALSE
Indiana,2012,FALSE,FALSE
Indiana,2013,FALSE,FALSE
Indiana,2014,FALSE,FALSE
Indiana,2015,FALSE,FALSE
Indiana,2016,FALSE,FALSE
Indiana,2017,FALSE,FALSE
Indiana,2018,FALSE,FALSE
Indiana,2019,FALSE,FALSE
Iowa,1998,FALSE,FALSE
Iowa,1999,FALSE,FALSE
Iowa,2000,FALSE,FALSE
Iowa,2001,FALSE,FALSE
Iowa,2002,FALSE,FALSE
Iowa,2003,FALSE,FALSE
Iowa,2004,FALSE,FALSE
Iowa,2005,FALSE,FALSE
Iowa,2006,FALSE,FALSE
Iowa,2007,FALSE,FALSE
Iowa,2008,FALSE,FALSE
Iowa,2009,FALSE,FALSE
Iowa,2010,FALSE,FALSE
Iowa,2011,FALSE,FALSE
Iowa,2012,FALSE,FALSE
Iowa,2013,FALSE,FALSE
Iowa,2014,FALSE,FALSE
Iowa,2015,FALSE,FALSE
Iowa,2016,FALSE,FALSE
Iowa,2017,FALSE,FALSE
Iowa,2018,FALSE,FALSE
Iowa,2019,FALSE,FALSE
Kansas,1998,FALSE,FALSE
Kansas,1999,FALSE,FALSE
Kansas,2000,FALSE,FALSE
Kansas,2001,FALSE,FALSE
Kansas,2002,FALSE,FALSE
Kansas,2003,FALSE,FALSE
Kansas,2004,FALSE,FALSE
Kansas,2005,FALSE,FALSE
Kansas,2006,FALSE,FALSE
Kansas,2007,FALSE,FALSE
Kansas,2008,FALSE,FALSE
Kansas,2009,FALSE,FALSE
Kansas,2010,FALSE,FALSE
Kansas,2011,FALSE,FALSE
Kansas,2012,FALSE,FALSE
Kansas,2013,FALSE,FALSE
Kansas,2014,FALSE,FALSE
Kansas,2015,FALSE,FALSE
Kansas,2016,FALSE,FALSE
Kansas,2017,FALSE,FALSE
Kansas,2018,FALSE,FALSE
Kansas,2019,FALSE,FALSE
Kentucky,1998,FALSE,FALSE
Kentucky,1999,FALSE,FALSE
Kentucky,2000,FALSE,FALSE
Kentucky,2001,FALSE,FALSE
Kentucky,2002,FALSE,FALSE
Kentucky,2003,FALSE,FALSE
Kentucky,2004,FALSE,FALSE
Kentucky,2005,FALSE,FALSE
Kentucky,2006,FALSE,FALSE
Kentucky,2007,FALSE,FALSE
Kentucky,2008,FALSE,FALSE
Kentucky,2009,FALSE,FALSE
Kentucky,2010,FALSE,FALSE
Kentucky,2011,FALSE,FALSE
Kentucky,2012,FALSE,FALSE
Kentucky,2013,FALSE,FALSE
Kentucky,2014,FALSE,FALSE
Kentucky,2015,FALSE,FALSE
Kentucky,2016,FALSE,FALSE
Kentucky,2017,FALSE,FALSE
Kentucky,2018,FALSE,FALSE
Kentucky,2019,FALSE,FALSE
Louisiana,1998,FALSE,FALSE
Louisiana,1999,FALSE,FALSE
Louisiana,2000,FALSE,FALSE
Louisiana,2001,FALSE,FALSE
Louisiana,2002,FALSE,FALSE
Louisiana,2003,FALSE,FALSE
Louisiana,2004,FALSE,FALSE
Louisiana,2005,FALSE,FALSE
Louisiana,2006,FALSE,FALSE
Louisiana,2007,FALSE,FALSE
Louisiana,2008,FALSE,FALSE
Louisiana,2009,FALSE,FALSE
Louisiana,2010,FALSE,FALSE
Louisiana,2011,FALSE,FALSE
Louisiana,2012,FALSE,FALSE
Louisiana,2013,FALSE,FALSE
Louisiana,2014,FALSE,FALSE
Louisiana,2015,TRUE,FALSE
Louisiana,2016,TRUE,FALSE
Louisiana,2017,TRUE,FALSE
Louisiana,2018,TRUE,FALSE
Louisiana,2019,TRUE,FALSE
Maine,1998,FALSE,FALSE
Maine,1999,TRUE,FALSE
Maine,2000,TRUE,FALSE
Maine,2001,TRUE,FALSE
Maine,2002,TRUE,FALSE
Maine,2003,TRUE,FALSE
Maine,2004,TRUE,FALSE
Maine,2005,TRUE,FALSE
Maine,2006,TRUE,FALSE
Maine,2007,TRUE,FALSE
Maine,2008,TRUE,FALSE
Maine,2009,TRUE,FALSE
Maine,2010,TRUE,FALSE
Maine,2011,TRUE,FALSE
Maine,2012,TRUE,FALSE
Maine,2013,TRUE,FALSE
Maine,2014,TRUE,FALSE
Maine,2015,TRUE,FALSE
Maine,2016,TRUE,TRUE
Maine,2017,TRUE,TRUE
Maine,2018,TRUE,TRUE
Maine,2019,TRUE,TRUE
Maryland,1998,FALSE,FALSE
Maryland,1999,FALSE,FALSE
Maryland,2000,FALSE,FALSE
Maryland,2001,FALSE,FALSE
Maryland,2002,FALSE,FALSE
Maryland,2003,FALSE,FALSE
Maryland,2004,FALSE,FALSE
Maryland,2005,FALSE,FALSE
Maryland,2006,FALSE,FALSE
Maryland,2007,FALSE,FALSE
Maryland,2008,FALSE,FALSE
Maryland,2009,FALSE,FALSE
Maryland,2010,FALSE,FALSE
Maryland,2011,FALSE,FALSE
Maryland,2012,FALSE,FALSE
Maryland,2013,FALSE,FALSE
Maryland,2014,FALSE,FALSE
Maryland,2015,TRUE,FALSE
Maryland,2016,TRUE,FALSE
Maryland,2017,TRUE,FALSE
Maryland,2018,TRUE,FALSE
Maryland,2019,TRUE,FALSE
Massachusetts,1998,FALSE,FALSE
Massachusetts,1999,FALSE,FALSE
Massachusetts,2000,FALSE,FALSE
Massachusetts,2001,FALSE,FALSE
Massachusetts,2002,FALSE,FALSE
Massachusetts,2003,FALSE,FALSE
Massachusetts,2004,FALSE,FALSE
Massachusetts,2005,FALSE,FALSE
Massachusetts,2006,FALSE,FALSE
Massachusetts,2007,FALSE,FALSE
Massachusetts,2008,FALSE,FALSE
Massachusetts,2009,FALSE,FALSE
Massachusetts,2010,FALSE,FALSE
Massachusetts,2011,FALSE,FALSE
Massachusetts,2012,FALSE,FALSE
Massachusetts,2013,FALSE,FALSE
Massachusetts,2014,FALSE,FALSE
Massachusetts,2015,FALSE,FALSE
Massachusetts,2016,TRUE,TRUE
Massachusetts,2017,TRUE,TRUE
Massachusetts,2018,TRUE,TRUE
Massachusetts,2019,TRUE,TRUE
Michigan,1998,FALSE,FALSE
Michigan,1999,FALSE,FALSE
Michigan,2000,FALSE,FALSE
Michigan,2001,FALSE,FALSE
Michigan,2002,FALSE,FALSE
Michigan,2003,FALSE,FALSE
Michigan,2004,FALSE,FALSE
Michigan,2005,FALSE,FALSE
Michigan,2006,FALSE,FALSE
Michigan,2007,FALSE,FALSE
Michigan,2008,TRUE,FALSE
Michigan,2009,TRUE,FALSE
Michigan,2010,TRUE,FALSE
Michigan,2011,TRUE,FALSE
Michigan,2012,TRUE,FALSE
Michigan,2013,TRUE,FALSE
Michigan,2014,TRUE,FALSE
Michigan,2015,TRUE,FALSE
Michigan,2016,TRUE,FALSE
Michigan,2017,TRUE,FALSE
Michigan,2018,TRUE,TRUE
Michigan,2019,TRUE,TRUE
Minnesoa,1998,FALSE,FALSE
Minnesoa,1999,FALSE,FALSE
Minnesoa,2000,FALSE,FALSE
Minnesoa,2001,FALSE,FALSE
Minnesoa,2002,FALSE,FALSE
Minnesoa,2003,FALSE,FALSE
Minnesoa,2004,FALSE,FALSE
Minnesoa,2005,FALSE,FALSE
Minnesoa,2006,FALSE,FALSE
Minnesoa,2007,FALSE,FALSE
Minnesoa,2008,FALSE,FALSE
Minnesoa,2009,FALSE,FALSE
Minnesoa,2010,FALSE,FALSE
Minnesoa,2011,FALSE,FALSE
Minnesoa,2012,FALSE,FALSE
Minnesoa,2013,FALSE,FALSE
Minnesoa,2014,FALSE,FALSE
Minnesoa,2015,FALSE,FALSE
Minnesoa,2016,FALSE,FALSE
Minnesoa,2017,FALSE,FALSE
Minnesoa,2018,FALSE,FALSE
Minnesoa,2019,FALSE,FALSE
Missisippi,1998,FALSE,FALSE
Missisippi,1999,FALSE,FALSE
Missisippi,2000,FALSE,FALSE
Missisippi,2001,FALSE,FALSE
Missisippi,2002,FALSE,FALSE
Missisippi,2003,FALSE,FALSE
Missisippi,2004,FALSE,FALSE
Missisippi,2005,FALSE,FALSE
Missisippi,2006,FALSE,FALSE
Missisippi,2007,FALSE,FALSE
Missisippi,2008,FALSE,FALSE
Missisippi,2009,FALSE,FALSE
Missisippi,2010,FALSE,FALSE
Missisippi,2011,FALSE,FALSE
Missisippi,2012,FALSE,FALSE
Missisippi,2013,FALSE,FALSE
Missisippi,2014,FALSE,FALSE
Missisippi,2015,FALSE,FALSE
Missisippi,2016,FALSE,FALSE
Missisippi,2017,FALSE,FALSE
Missisippi,2018,FALSE,FALSE
Missisippi,2019,FALSE,FALSE
Missouri,1998,FALSE,FALSE
Missouri,1999,FALSE,FALSE
Missouri,2000,FALSE,FALSE
Missouri,2001,FALSE,FALSE
Missouri,2002,FALSE,FALSE
Missouri,2003,FALSE,FALSE
Missouri,2004,FALSE,FALSE
Missouri,2005,FALSE,FALSE
Missouri,2006,FALSE,FALSE
Missouri,2007,FALSE,FALSE
Missouri,2008,FALSE,FALSE
Missouri,2009,FALSE,FALSE
Missouri,2010,FALSE,FALSE
Missouri,2011,FALSE,FALSE
Missouri,2012,FALSE,FALSE
Missouri,2013,FALSE,FALSE
Missouri,2014,FALSE,FALSE
Missouri,2015,FALSE,FALSE
Missouri,2016,FALSE,FALSE
Missouri,2017,FALSE,FALSE
Missouri,2018,TRUE,FALSE
Missouri,2019,TRUE,FALSE
Montana,1998,FALSE,FALSE
Montana,1999,FALSE,FALSE
Montana,2000,FALSE,FALSE
Montana,2001,FALSE,FALSE
Montana,2002,FALSE,FALSE
Montana,2003,FALSE,FALSE
Montana,2004,TRUE,FALSE
Montana,2005,TRUE,FALSE
Montana,2006,TRUE,FALSE
Montana,2007,TRUE,FALSE
Montana,2008,TRUE,FALSE
Montana,2009,TRUE,FALSE
Montana,2010,TRUE,FALSE
Montana,2011,TRUE,FALSE
Montana,2012,TRUE,FALSE
Montana,2013,TRUE,FALSE
Montana,2014,TRUE,FALSE
Montana,2015,TRUE,FALSE
Montana,2016,TRUE,FALSE
Montana,2017,TRUE,FALSE
Montana,2018,TRUE,FALSE
Montana,2019,TRUE,FALSE
Nebraska,1998,FALSE,FALSE
Nebraska,1999,FALSE,FALSE
Nebraska,2000,FALSE,FALSE
Nebraska,2001,FALSE,FALSE
Nebraska,2002,FALSE,FALSE
Nebraska,2003,FALSE,FALSE
Nebraska,2004,FALSE,FALSE
Nebraska,2005,FALSE,FALSE
Nebraska,2006,FALSE,FALSE
Nebraska,2007,FALSE,FALSE
Nebraska,2008,FALSE,FALSE
Nebraska,2009,FALSE,FALSE
Nebraska,2010,FALSE,FALSE
Nebraska,2011,FALSE,FALSE
Nebraska,2012,FALSE,FALSE
Nebraska,2013,FALSE,FALSE
Nebraska,2014,FALSE,FALSE
Nebraska,2015,FALSE,FALSE
Nebraska,2016,FALSE,FALSE
Nebraska,2017,FALSE,FALSE
Nebraska,2018,FALSE,FALSE
Nebraska,2019,FALSE,FALSE
Nevada,1998,FALSE,FALSE
Nevada,1999,FALSE,FALSE
Nevada,2000,TRUE,FALSE
Nevada,2001,TRUE,FALSE
Nevada,2002,TRUE,FALSE
Nevada,2003,TRUE,FALSE
Nevada,2004,TRUE,FALSE
Nevada,2005,TRUE,FALSE
Nevada,2006,TRUE,FALSE
Nevada,2007,TRUE,FALSE
Nevada,2008,TRUE,FALSE
Nevada,2009,TRUE,FALSE
Nevada,2010,TRUE,FALSE
Nevada,2011,TRUE,FALSE
Nevada,2012,TRUE,FALSE
Nevada,2013,TRUE,FALSE
Nevada,2014,TRUE,FALSE
Nevada,2015,TRUE,FALSE
Nevada,2016,TRUE,TRUE
Nevada,2017,TRUE,TRUE
Nevada,2018,TRUE,TRUE
Nevada,2019,TRUE,TRUE
New Hampshire,1998,FALSE,FALSE
New Hampshire,1999,FALSE,FALSE
New Hampshire,2000,FALSE,FALSE
New Hampshire,2001,FALSE,FALSE
New Hampshire,2002,FALSE,FALSE
New Hampshire,2003,FALSE,FALSE
New Hampshire,2004,FALSE,FALSE
New Hampshire,2005,FALSE,FALSE
New Hampshire,2006,FALSE,FALSE
New Hampshire,2007,FALSE,FALSE
New Hampshire,2008,FALSE,FALSE
New Hampshire,2009,FALSE,FALSE
New Hampshire,2010,FALSE,FALSE
New Hampshire,2011,FALSE,FALSE
New Hampshire,2012,FALSE,FALSE
New Hampshire,2013,TRUE,FALSE
New Hampshire,2014,TRUE,FALSE
New Hampshire,2015,TRUE,FALSE
New Hampshire,2016,TRUE,FALSE
New Hampshire,2017,TRUE,FALSE
New Hampshire,2018,TRUE,FALSE
New Hampshire,2019,TRUE,FALSE
New Jersey,1998,FALSE,FALSE
New Jersey,1999,FALSE,FALSE
New Jersey,2000,FALSE,FALSE
New Jersey,2001,FALSE,FALSE
New Jersey,2002,FALSE,FALSE
New Jersey,2003,FALSE,FALSE
New Jersey,2004,FALSE,FALSE
New Jersey,2005,FALSE,FALSE
New Jersey,2006,FALSE,FALSE
New Jersey,2007,FALSE,FALSE
New Jersey,2008,FALSE,FALSE
New Jersey,2009,FALSE,FALSE
New Jersey,2010,TRUE,FALSE
New Jersey,2011,TRUE,FALSE
New Jersey,2012,TRUE,FALSE
New Jersey,2013,TRUE,FALSE
New Jersey,2014,TRUE,FALSE
New Jersey,2015,TRUE,FALSE
New Jersey,2016,TRUE,FALSE
New Jersey,2017,TRUE,FALSE
New Jersey,2018,TRUE,FALSE
New Jersey,2019,TRUE,FALSE
New Mexico,1998,FALSE,FALSE
New Mexico,1999,FALSE,FALSE
New Mexico,2000,FALSE,FALSE
New Mexico,2001,FALSE,FALSE
New Mexico,2002,FALSE,FALSE
New Mexico,2003,FALSE,FALSE
New Mexico,2004,FALSE,FALSE
New Mexico,2005,FALSE,FALSE
New Mexico,2006,FALSE,FALSE
New Mexico,2007,TRUE,FALSE
New Mexico,2008,TRUE,FALSE
New Mexico,2009,TRUE,FALSE
New Mexico,2010,TRUE,FALSE
New Mexico,2011,TRUE,FALSE
New Mexico,2012,TRUE,FALSE
New Mexico,2013,TRUE,FALSE
New Mexico,2014,TRUE,FALSE
New Mexico,2015,TRUE,FALSE
New Mexico,2016,TRUE,FALSE
New Mexico,2017,TRUE,FALSE
New Mexico,2018,TRUE,FALSE
New Mexico,2019,TRUE,FALSE
New York,1998,FALSE,FALSE
New York,1999,FALSE,FALSE
New York,2000,FALSE,FALSE
New York,2001,FALSE,FALSE
New York,2002,FALSE,FALSE
New York,2003,FALSE,FALSE
New York,2004,FALSE,FALSE
New York,2005,FALSE,FALSE
New York,2006,FALSE,FALSE
New York,2007,FALSE,FALSE
New York,2008,FALSE,FALSE
New York,2009,FALSE,FALSE
New York,2010,FALSE,FALSE
New York,2011,FALSE,FALSE
New York,2012,FALSE,FALSE
New York,2013,FALSE,FALSE
New York,2014,FALSE,FALSE
New York,2015,TRUE,FALSE
New York,2016,TRUE,FALSE
New York,2017,TRUE,FALSE
New York,2018,TRUE,FALSE
New York,2019,TRUE,FALSE
North Carolina,1998,FALSE,FALSE
North Carolina,1999,FALSE,FALSE
North Carolina,2000,FALSE,FALSE
North Carolina,2001,FALSE,FALSE
North Carolina,2002,FALSE,FALSE
North Carolina,2003,FALSE,FALSE
North Carolina,2004,FALSE,FALSE
North Carolina,2005,FALSE,FALSE
North Carolina,2006,FALSE,FALSE
North Carolina,2007,FALSE,FALSE
North Carolina,2008,FALSE,FALSE
North Carolina,2009,FALSE,FALSE
North Carolina,2010,FALSE,FALSE
North Carolina,2011,FALSE,FALSE
North Carolina,2012,FALSE,FALSE
North Carolina,2013,FALSE,FALSE
North Carolina,2014,FALSE,FALSE
North Carolina,2015,FALSE,FALSE
North Carolina,2016,FALSE,FALSE
North Carolina,2017,FALSE,FALSE
North Carolina,2018,FALSE,FALSE
North Carolina,2019,FALSE,FALSE
North Dakota,1998,FALSE,FALSE
North Dakota,1999,FALSE,FALSE
North Dakota,2000,FALSE,FALSE
North Dakota,2001,FALSE,FALSE
North Dakota,2002,FALSE,FALSE
North Dakota,2003,FALSE,FALSE
North Dakota,2004,FALSE,FALSE
North Dakota,2005,FALSE,FALSE
North Dakota,2006,FALSE,FALSE
North Dakota,2007,FALSE,FALSE
North Dakota,2008,FALSE,FALSE
North Dakota,2009,FALSE,FALSE
North Dakota,2010,FALSE,FALSE
North Dakota,2011,FALSE,FALSE
North Dakota,2012,FALSE,FALSE
North Dakota,2013,FALSE,FALSE
North Dakota,2014,FALSE,FALSE
North Dakota,2015,FALSE,FALSE
North Dakota,2016,TRUE,FALSE
North Dakota,2017,TRUE,FALSE
North Dakota,2018,TRUE,FALSE
North Dakota,2019,TRUE,FALSE
Ohio,1998,FALSE,FALSE
Ohio,1999,FALSE,FALSE
Ohio,2000,FALSE,FALSE
Ohio,2001,FALSE,FALSE
Ohio,2002,FALSE,FALSE
Ohio,2003,FALSE,FALSE
Ohio,2004,FALSE,FALSE
Ohio,2005,FALSE,FALSE
Ohio,2006,FALSE,FALSE
Ohio,2007,FALSE,FALSE
Ohio,2008,FALSE,FALSE
Ohio,2009,FALSE,FALSE
Ohio,2010,FALSE,FALSE
Ohio,2011,FALSE,FALSE
Ohio,2012,FALSE,FALSE
Ohio,2013,FALSE,FALSE
Ohio,2014,FALSE,FALSE
Ohio,2015,FALSE,FALSE
Ohio,2016,FALSE,FALSE
Ohio,2017,FALSE,FALSE
Ohio,2018,FALSE,FALSE
Ohio,2019,FALSE,FALSE
Oklahoma,1998,FALSE,FALSE
Oklahoma,1999,FALSE,FALSE
Oklahoma,2000,FALSE,FALSE
Oklahoma,2001,FALSE,FALSE
Oklahoma,2002,FALSE,FALSE
Oklahoma,2003,FALSE,FALSE
Oklahoma,2004,FALSE,FALSE
Oklahoma,2005,FALSE,FALSE
Oklahoma,2006,FALSE,FALSE
Oklahoma,2007,FALSE,FALSE
Oklahoma,2008,FALSE,FALSE
Oklahoma,2009,FALSE,FALSE
Oklahoma,2010,FALSE,FALSE
Oklahoma,2011,FALSE,FALSE
Oklahoma,2012,FALSE,FALSE
Oklahoma,2013,FALSE,FALSE
Oklahoma,2014,FALSE,FALSE
Oklahoma,2015,FALSE,FALSE
Oklahoma,2016,FALSE,FALSE
Oklahoma,2017,FALSE,FALSE
Oklahoma,2018,TRUE,FALSE
Oklahoma,2019,TRUE,FALSE
Oregon,1998,TRUE,FALSE
Oregon,1999,TRUE,FALSE
Oregon,2000,TRUE,FALSE
Oregon,2001,TRUE,FALSE
Oregon,2002,TRUE,FALSE
Oregon,2003,TRUE,FALSE
Oregon,2004,TRUE,FALSE
Oregon,2005,TRUE,FALSE
Oregon,2006,TRUE,FALSE
Oregon,2007,TRUE,FALSE
Oregon,2008,TRUE,FALSE
Oregon,2009,TRUE,FALSE
Oregon,2010,TRUE,FALSE
Oregon,2011,TRUE,FALSE
Oregon,2012,TRUE,FALSE
Oregon,2013,TRUE,FALSE
Oregon,2014,TRUE,TRUE
Oregon,2015,TRUE,TRUE
Oregon,2016,TRUE,TRUE
Oregon,2017,TRUE,TRUE
Oregon,2018,TRUE,TRUE
Oregon,2019,TRUE,TRUE
Pennsylvania,1998,FALSE,FALSE
Pennsylvania,1999,FALSE,FALSE
Pennsylvania,2000,FALSE,FALSE
Pennsylvania,2001,FALSE,FALSE
Pennsylvania,2002,FALSE,FALSE
Pennsylvania,2003,FALSE,FALSE
Pennsylvania,2004,FALSE,FALSE
Pennsylvania,2005,FALSE,FALSE
Pennsylvania,2006,FALSE,FALSE
Pennsylvania,2007,FALSE,FALSE
Pennsylvania,2008,FALSE,FALSE
Pennsylvania,2009,FALSE,FALSE
Pennsylvania,2010,FALSE,FALSE
Pennsylvania,2011,FALSE,FALSE
Pennsylvania,2012,FALSE,FALSE
Pennsylvania,2013,FALSE,FALSE
Pennsylvania,2014,FALSE,FALSE
Pennsylvania,2015,FALSE,FALSE
Pennsylvania,2016,TRUE,FALSE
Pennsylvania,2017,TRUE,FALSE
Pennsylvania,2018,TRUE,FALSE
Pennsylvania,2019,TRUE,FALSE
Rhode Island,1998,FALSE,FALSE
Rhode Island,1999,FALSE,FALSE
Rhode Island,2000,FALSE,FALSE
Rhode Island,2001,FALSE,FALSE
Rhode Island,2002,FALSE,FALSE
Rhode Island,2003,FALSE,FALSE
Rhode Island,2004,FALSE,FALSE
Rhode Island,2005,FALSE,FALSE
Rhode Island,2006,TRUE,FALSE
Rhode Island,2007,TRUE,FALSE
Rhode Island,2008,TRUE,FALSE
Rhode Island,2009,TRUE,FALSE
Rhode Island,2010,TRUE,FALSE
Rhode Island,2011,TRUE,FALSE
Rhode Island,2012,TRUE,FALSE
Rhode Island,2013,TRUE,FALSE
Rhode Island,2014,TRUE,FALSE
Rhode Island,2015,TRUE,FALSE
Rhode Island,2016,TRUE,FALSE
Rhode Island,2017,TRUE,FALSE
Rhode Island,2018,TRUE,FALSE
Rhode Island,2019,TRUE,FALSE
South Carolina,1998,FALSE,FALSE
South Carolina,1999,FALSE,FALSE
South Carolina,2000,FALSE,FALSE
South Carolina,2001,FALSE,FALSE
South Carolina,2002,FALSE,FALSE
South Carolina,2003,FALSE,FALSE
South Carolina,2004,FALSE,FALSE
South Carolina,2005,FALSE,FALSE
South Carolina,2006,FALSE,FALSE
South Carolina,2007,FALSE,FALSE
South Carolina,2008,FALSE,FALSE
South Carolina,2009,FALSE,FALSE
South Carolina,2010,FALSE,FALSE
South Carolina,2011,FALSE,FALSE
South Carolina,2012,FALSE,FALSE
South Carolina,2013,FALSE,FALSE
South Carolina,2014,FALSE,FALSE
South Carolina,2015,FALSE,FALSE
South Carolina,2016,FALSE,FALSE
South Carolina,2017,FALSE,FALSE
South Carolina,2018,FALSE,FALSE
South Carolina,2019,FALSE,FALSE
South Dakota,1998,FALSE,FALSE
South Dakota,1999,FALSE,FALSE
South Dakota,2000,FALSE,FALSE
South Dakota,2001,FALSE,FALSE
South Dakota,2002,FALSE,FALSE
South Dakota,2003,FALSE,FALSE
South Dakota,2004,FALSE,FALSE
South Dakota,2005,FALSE,FALSE
South Dakota,2006,FALSE,FALSE
South Dakota,2007,FALSE,FALSE
South Dakota,2008,FALSE,FALSE
South Dakota,2009,FALSE,FALSE
South Dakota,2010,FALSE,FALSE
South Dakota,2011,FALSE,FALSE
South Dakota,2012,FALSE,FALSE
South Dakota,2013,FALSE,FALSE
South Dakota,2014,FALSE,FALSE
South Dakota,2015,FALSE,FALSE
South Dakota,2016,FALSE,FALSE
South Dakota,2017,FALSE,FALSE
South Dakota,2018,FALSE,FALSE
South Dakota,2019,FALSE,FALSE
Tennessee,1998,FALSE,FALSE
Tennessee,1999,FALSE,FALSE
Tennessee,2000,FALSE,FALSE
Tennessee,2001,FALSE,FALSE
Tennessee,2002,FALSE,FALSE
Tennessee,2003,FALSE,FALSE
Tennessee,2004,FALSE,FALSE
Tennessee,2005,FALSE,FALSE
Tennessee,2006,FALSE,FALSE
Tennessee,2007,FALSE,FALSE
Tennessee,2008,FALSE,FALSE
Tennessee,2009,FALSE,FALSE
Tennessee,2010,FALSE,FALSE
Tennessee,2011,FALSE,FALSE
Tennessee,2012,FALSE,FALSE
Tennessee,2013,FALSE,FALSE
Tennessee,2014,FALSE,FALSE
Tennessee,2015,FALSE,FALSE
Tennessee,2016,FALSE,FALSE
Tennessee,2017,FALSE,FALSE
Tennessee,2018,FALSE,FALSE
Tennessee,2019,FALSE,FALSE
Texas,1998,FALSE,FALSE
Texas,1999,FALSE,FALSE
Texas,2000,FALSE,FALSE
Texas,2001,FALSE,FALSE
Texas,2002,FALSE,FALSE
Texas,2003,FALSE,FALSE
Texas,2004,FALSE,FALSE
Texas,2005,FALSE,FALSE
Texas,2006,FALSE,FALSE
Texas,2007,FALSE,FALSE
Texas,2008,FALSE,FALSE
Texas,2009,FALSE,FALSE
Texas,2010,FALSE,FALSE
Texas,2011,FALSE,FALSE
Texas,2012,FALSE,FALSE
Texas,2013,FALSE,FALSE
Texas,2014,FALSE,FALSE
Texas,2015,FALSE,FALSE
Texas,2016,FALSE,FALSE
Texas,2017,FALSE,FALSE
Texas,2018,FALSE,FALSE
Texas,2019,FALSE,FALSE
Utah,1998,FALSE,FALSE
Utah,1999,FALSE,FALSE
Utah,2000,FALSE,FALSE
Utah,2001,FALSE,FALSE
Utah,2002,FALSE,FALSE
Utah,2003,FALSE,FALSE
Utah,2004,FALSE,FALSE
Utah,2005,FALSE,FALSE
Utah,2006,FALSE,FALSE
Utah,2007,FALSE,FALSE
Utah,2008,FALSE,FALSE
Utah,2009,FALSE,FALSE
Utah,2010,FALSE,FALSE
Utah,2011,FALSE,FALSE
Utah,2012,FALSE,FALSE
Utah,2013,FALSE,FALSE
Utah,2014,FALSE,FALSE
Utah,2015,FALSE,FALSE
Utah,2016,FALSE,FALSE
Utah,2017,FALSE,FALSE
Utah,2018,TRUE,FALSE
Utah,2019,TRUE,FALSE
Vermont,1998,FALSE,FALSE
Vermont,1999,FALSE,FALSE
Vermont,2000,FALSE,FALSE
Vermont,2001,FALSE,FALSE
Vermont,2002,FALSE,FALSE
Vermont,2003,FALSE,FALSE
Vermont,2004,TRUE,FALSE
Vermont,2005,TRUE,FALSE
Vermont,2006,TRUE,FALSE
Vermont,2007,TRUE,FALSE
Vermont,2008,TRUE,FALSE
Vermont,2009,TRUE,FALSE
Vermont,2010,TRUE,FALSE
Vermont,2011,TRUE,FALSE
Vermont,2012,TRUE,FALSE
Vermont,2013,TRUE,FALSE
Vermont,2014,TRUE,FALSE
Vermont,2015,TRUE,FALSE
Vermont,2016,TRUE,FALSE
Vermont,2017,TRUE,FALSE
Vermont,2018,TRUE,TRUE
Vermont,2019,TRUE,TRUE
Virginia,1998,FALSE,FALSE
Virginia,1999,FALSE,FALSE
Virginia,2000,FALSE,FALSE
Virginia,2001,FALSE,FALSE
Virginia,2002,FALSE,FALSE
Virginia,2003,FALSE,FALSE
Virginia,2004,FALSE,FALSE
Virginia,2005,FALSE,FALSE
Virginia,2006,FALSE,FALSE
Virginia,2007,FALSE,FALSE
Virginia,2008,FALSE,FALSE
Virginia,2009,FALSE,FALSE
Virginia,2010,FALSE,FALSE
Virginia,2011,FALSE,FALSE
Virginia,2012,FALSE,FALSE
Virginia,2013,FALSE,FALSE
Virginia,2014,FALSE,FALSE
Virginia,2015,FALSE,FALSE
Virginia,2016,FALSE,FALSE
Virginia,2017,FALSE,FALSE
Virginia,2018,FALSE,FALSE
Virginia,2019,FALSE,FALSE
Washington,1998,TRUE,FALSE
Washington,1999,TRUE,FALSE
Washington,2000,TRUE,FALSE
Washington,2001,TRUE,FALSE
Washington,2002,TRUE,FALSE
Washington,2003,TRUE,FALSE
Washington,2004,TRUE,FALSE
Washington,2005,TRUE,FALSE
Washington,2006,TRUE,FALSE
Washington,2007,TRUE,FALSE
Washington,2008,TRUE,FALSE
Washington,2009,TRUE,FALSE
Washington,2010,TRUE,FALSE
Washington,2011,TRUE,FALSE
Washington,2012,TRUE,TRUE
Washington,2013,TRUE,TRUE
Washington,2014,TRUE,TRUE
Washington,2015,TRUE,TRUE
Washington,2016,TRUE,TRUE
Washington,2017,TRUE,TRUE
Washington,2018,TRUE,TRUE
Washington,2019,TRUE,TRUE
Washington DC,1998,FALSE,FALSE
Washington DC,1999,FALSE,FALSE
Washington DC,2000,FALSE,FALSE
Washington DC,2001,FALSE,FALSE
Washington DC,2002,FALSE,FALSE
Washington DC,2003,FALSE,FALSE
Washington DC,2004,FALSE,FALSE
Washington DC,2005,FALSE,FALSE
Washington DC,2006,FALSE,FALSE
Washington DC,2007,FALSE,FALSE
Washington DC,2008,FALSE,FALSE
Washington DC,2009,FALSE,FALSE
Washington DC,2010,FALSE,FALSE
Washington DC,2011,FALSE,FALSE
Washington DC,2012,FALSE,FALSE
Washington DC,2013,FALSE,FALSE
Washington DC,2014,FALSE,FALSE
Washington DC,2015,FALSE,FALSE
Washington DC,2016,FALSE,FALSE
Washington DC,2017,FALSE,FALSE
Washington DC,2018,FALSE,FALSE
Washington DC,2019,FALSE,FALSE
West Virginia,1998,FALSE,FALSE
West Virginia,1999,FALSE,FALSE
West Virginia,2000,FALSE,FALSE
West Virginia,2001,FALSE,FALSE
West Virginia,2002,FALSE,FALSE
West Virginia,2003,FALSE,FALSE
West Virginia,2004,FALSE,FALSE
West Virginia,2005,FALSE,FALSE
West Virginia,2006,FALSE,FALSE
West Virginia,2007,FALSE,FALSE
West Virginia,2008,FALSE,FALSE
West Virginia,2009,FALSE,FALSE
West Virginia,2010,FALSE,FALSE
West Virginia,2011,FALSE,FALSE
West Virginia,2012,FALSE,FALSE
West Virginia,2013,FALSE,FALSE
West Virginia,2014,FALSE,FALSE
West Virginia,2015,FALSE,FALSE
West Virginia,2016,FALSE,FALSE
West Virginia,2017,TRUE,FALSE
West Virginia,2018,TRUE,FALSE
West Virginia,2019,TRUE,FALSE
Wisconsin,1998,FALSE,FALSE
Wisconsin,1999,FALSE,FALSE
Wisconsin,2000,FALSE,FALSE
Wisconsin,2001,FALSE,FALSE
Wisconsin,2002,FALSE,FALSE
Wisconsin,2003,FALSE,FALSE
Wisconsin,2004,FALSE,FALSE
Wisconsin,2005,FALSE,FALSE
Wisconsin,2006,FALSE,FALSE
Wisconsin,2007,FALSE,FALSE
Wisconsin,2008,FALSE,FALSE
Wisconsin,2009,FALSE,FALSE
Wisconsin,2010,FALSE,FALSE
Wisconsin,2011,FALSE,FALSE
Wisconsin,2012,FALSE,FALSE
Wisconsin,2013,FALSE,FALSE
Wisconsin,2014,FALSE,FALSE
Wisconsin,2015,FALSE,FALSE
Wisconsin,2016,FALSE,FALSE
Wisconsin,2017,FALSE,FALSE
Wisconsin,2018,FALSE,FALSE
Wisconsin,2019,FALSE,FALSE
Wyoming,1998,FALSE,FALSE
Wyoming,1999,FALSE,FALSE
Wyoming,2000,FALSE,FALSE
Wyoming,2001,FALSE,FALSE
Wyoming,2002,FALSE,FALSE
Wyoming,2003,FALSE,FALSE
Wyoming,2004,FALSE,FALSE
Wyoming,2005,FALSE,FALSE
Wyoming,2006,FALSE,FALSE
Wyoming,2007,FALSE,FALSE
Wyoming,2008,FALSE,FALSE
Wyoming,2009,FALSE,FALSE
Wyoming,2010,FALSE,FALSE
Wyoming,2011,FALSE,FALSE
Wyoming,2012,FALSE,FALSE
Wyoming,2013,FALSE,FALSE
Wyoming,2014,FALSE,FALSE
Wyoming,2015,FALSE,FALSE
Wyoming,2016,FALSE,FALSE
Wyoming,2017,FALSE,FALSE
Wyoming,2018,FALSE,FALSE
Wyoming,2019,FALSE,FALSE
